DateKey,Date,Year,Quarter,Month,MonthShort,MonthNo
20190101,1/1/2019,2019,1,January,Jan,1
20190102,1/2/2019,2019,1,January,Jan,1
20190103,1/3/2019,2019,1,January,Jan,1
20190104,1/4/2019,2019,1,January,Jan,1
20190105,1/5/2019,2019,1,January,Jan,1
20190106,1/6/2019,2019,1,January,Jan,1
20190107,1/7/2019,2019,1,January,Jan,1
20190108,1/8/2019,2019,1,January,Jan,1
20190109,1/9/2019,2019,1,January,Jan,1
20190110,1/10/2019,2019,1,January,Jan,1
20190111,1/11/2019,2019,1,January,Jan,1
20190112,1/12/2019,2019,1,January,Jan,1
20190113,1/13/2019,2019,1,January,Jan,1
20190114,1/14/2019,2019,1,January,Jan,1
20190115,1/15/2019,2019,1,January,Jan,1
20190116,1/16/2019,2019,1,January,Jan,1
20190117,1/17/2019,2019,1,January,Jan,1
20190118,1/18/2019,2019,1,January,Jan,1
20190119,1/19/2019,2019,1,January,Jan,1
20190120,1/20/2019,2019,1,January,Jan,1
20190121,1/21/2019,2019,1,January,Jan,1
20190122,1/22/2019,2019,1,January,Jan,1
20190123,1/23/2019,2019,1,January,Jan,1
20190124,1/24/2019,2019,1,January,Jan,1
20190125,1/25/2019,2019,1,January,Jan,1
20190126,1/26/2019,2019,1,January,Jan,1
20190127,1/27/2019,2019,1,January,Jan,1
20190128,1/28/2019,2019,1,January,Jan,1
20190129,1/29/2019,2019,1,January,Jan,1
20190130,1/30/2019,2019,1,January,Jan,1
20190131,1/31/2019,2019,1,January,Jan,1
20190201,2/1/2019,2019,1,February,Feb,2
20190202,2/2/2019,2019,1,February,Feb,2
20190203,2/3/2019,2019,1,February,Feb,2
20190204,2/4/2019,2019,1,February,Feb,2
20190205,2/5/2019,2019,1,February,Feb,2
20190206,2/6/2019,2019,1,February,Feb,2
20190207,2/7/2019,2019,1,February,Feb,2
20190208,2/8/2019,2019,1,February,Feb,2
20190209,2/9/2019,2019,1,February,Feb,2
20190210,2/10/2019,2019,1,February,Feb,2
20190211,2/11/2019,2019,1,February,Feb,2
20190212,2/12/2019,2019,1,February,Feb,2
20190213,2/13/2019,2019,1,February,Feb,2
20190214,2/14/2019,2019,1,February,Feb,2
20190215,2/15/2019,2019,1,February,Feb,2
20190216,2/16/2019,2019,1,February,Feb,2
20190217,2/17/2019,2019,1,February,Feb,2
20190218,2/18/2019,2019,1,February,Feb,2
20190219,2/19/2019,2019,1,February,Feb,2
20190220,2/20/2019,2019,1,February,Feb,2
20190221,2/21/2019,2019,1,February,Feb,2
20190222,2/22/2019,2019,1,February,Feb,2
20190223,2/23/2019,2019,1,February,Feb,2
20190224,2/24/2019,2019,1,February,Feb,2
20190225,2/25/2019,2019,1,February,Feb,2
20190226,2/26/2019,2019,1,February,Feb,2
20190227,2/27/2019,2019,1,February,Feb,2
20190228,2/28/2019,2019,1,February,Feb,2
20190301,3/1/2019,2019,1,March,Mar,3
20190302,3/2/2019,2019,1,March,Mar,3
20190303,3/3/2019,2019,1,March,Mar,3
20190304,3/4/2019,2019,1,March,Mar,3
20190305,3/5/2019,2019,1,March,Mar,3
20190306,3/6/2019,2019,1,March,Mar,3
20190307,3/7/2019,2019,1,March,Mar,3
20190308,3/8/2019,2019,1,March,Mar,3
20190309,3/9/2019,2019,1,March,Mar,3
20190310,3/10/2019,2019,1,March,Mar,3
20190311,3/11/2019,2019,1,March,Mar,3
20190312,3/12/2019,2019,1,March,Mar,3
20190313,3/13/2019,2019,1,March,Mar,3
20190314,3/14/2019,2019,1,March,Mar,3
20190315,3/15/2019,2019,1,March,Mar,3
20190316,3/16/2019,2019,1,March,Mar,3
20190317,3/17/2019,2019,1,March,Mar,3
20190318,3/18/2019,2019,1,March,Mar,3
20190319,3/19/2019,2019,1,March,Mar,3
20190320,3/20/2019,2019,1,March,Mar,3
20190321,3/21/2019,2019,1,March,Mar,3
20190322,3/22/2019,2019,1,March,Mar,3
20190323,3/23/2019,2019,1,March,Mar,3
20190324,3/24/2019,2019,1,March,Mar,3
20190325,3/25/2019,2019,1,March,Mar,3
20190326,3/26/2019,2019,1,March,Mar,3
20190327,3/27/2019,2019,1,March,Mar,3
20190328,3/28/2019,2019,1,March,Mar,3
20190329,3/29/2019,2019,1,March,Mar,3
20190330,3/30/2019,2019,1,March,Mar,3
20190331,3/31/2019,2019,1,March,Mar,3
20190401,4/1/2019,2019,2,April,Apr,4
20190402,4/2/2019,2019,2,April,Apr,4
20190403,4/3/2019,2019,2,April,Apr,4
20190404,4/4/2019,2019,2,April,Apr,4
20190405,4/5/2019,2019,2,April,Apr,4
20190406,4/6/2019,2019,2,April,Apr,4
20190407,4/7/2019,2019,2,April,Apr,4
20190408,4/8/2019,2019,2,April,Apr,4
20190409,4/9/2019,2019,2,April,Apr,4
20190410,4/10/2019,2019,2,April,Apr,4
20190411,4/11/2019,2019,2,April,Apr,4
20190412,4/12/2019,2019,2,April,Apr,4
20190413,4/13/2019,2019,2,April,Apr,4
20190414,4/14/2019,2019,2,April,Apr,4
20190415,4/15/2019,2019,2,April,Apr,4
20190416,4/16/2019,2019,2,April,Apr,4
20190417,4/17/2019,2019,2,April,Apr,4
20190418,4/18/2019,2019,2,April,Apr,4
20190419,4/19/2019,2019,2,April,Apr,4
20190420,4/20/2019,2019,2,April,Apr,4
20190421,4/21/2019,2019,2,April,Apr,4
20190422,4/22/2019,2019,2,April,Apr,4
20190423,4/23/2019,2019,2,April,Apr,4
20190424,4/24/2019,2019,2,April,Apr,4
20190425,4/25/2019,2019,2,April,Apr,4
20190426,4/26/2019,2019,2,April,Apr,4
20190427,4/27/2019,2019,2,April,Apr,4
20190428,4/28/2019,2019,2,April,Apr,4
20190429,4/29/2019,2019,2,April,Apr,4
20190430,4/30/2019,2019,2,April,Apr,4
20190501,5/1/2019,2019,2,May,May,5
20190502,5/2/2019,2019,2,May,May,5
20190503,5/3/2019,2019,2,May,May,5
20190504,5/4/2019,2019,2,May,May,5
20190505,5/5/2019,2019,2,May,May,5
20190506,5/6/2019,2019,2,May,May,5
20190507,5/7/2019,2019,2,May,May,5
20190508,5/8/2019,2019,2,May,May,5
20190509,5/9/2019,2019,2,May,May,5
20190510,5/10/2019,2019,2,May,May,5
20190511,5/11/2019,2019,2,May,May,5
20190512,5/12/2019,2019,2,May,May,5
20190513,5/13/2019,2019,2,May,May,5
20190514,5/14/2019,2019,2,May,May,5
20190515,5/15/2019,2019,2,May,May,5
20190516,5/16/2019,2019,2,May,May,5
20190517,5/17/2019,2019,2,May,May,5
20190518,5/18/2019,2019,2,May,May,5
20190519,5/19/2019,2019,2,May,May,5
20190520,5/20/2019,2019,2,May,May,5
20190521,5/21/2019,2019,2,May,May,5
20190522,5/22/2019,2019,2,May,May,5
20190523,5/23/2019,2019,2,May,May,5
20190524,5/24/2019,2019,2,May,May,5
20190525,5/25/2019,2019,2,May,May,5
20190526,5/26/2019,2019,2,May,May,5
20190527,5/27/2019,2019,2,May,May,5
20190528,5/28/2019,2019,2,May,May,5
20190529,5/29/2019,2019,2,May,May,5
20190530,5/30/2019,2019,2,May,May,5
20190531,5/31/2019,2019,2,May,May,5
20190601,6/1/2019,2019,2,June,Jun,6
20190602,6/2/2019,2019,2,June,Jun,6
20190603,6/3/2019,2019,2,June,Jun,6
20190604,6/4/2019,2019,2,June,Jun,6
20190605,6/5/2019,2019,2,June,Jun,6
20190606,6/6/2019,2019,2,June,Jun,6
20190607,6/7/2019,2019,2,June,Jun,6
20190608,6/8/2019,2019,2,June,Jun,6
20190609,6/9/2019,2019,2,June,Jun,6
20190610,6/10/2019,2019,2,June,Jun,6
20190611,6/11/2019,2019,2,June,Jun,6
20190612,6/12/2019,2019,2,June,Jun,6
20190613,6/13/2019,2019,2,June,Jun,6
20190614,6/14/2019,2019,2,June,Jun,6
20190615,6/15/2019,2019,2,June,Jun,6
20190616,6/16/2019,2019,2,June,Jun,6
20190617,6/17/2019,2019,2,June,Jun,6
20190618,6/18/2019,2019,2,June,Jun,6
20190619,6/19/2019,2019,2,June,Jun,6
20190620,6/20/2019,2019,2,June,Jun,6
20190621,6/21/2019,2019,2,June,Jun,6
20190622,6/22/2019,2019,2,June,Jun,6
20190623,6/23/2019,2019,2,June,Jun,6
20190624,6/24/2019,2019,2,June,Jun,6
20190625,6/25/2019,2019,2,June,Jun,6
20190626,6/26/2019,2019,2,June,Jun,6
20190627,6/27/2019,2019,2,June,Jun,6
20190628,6/28/2019,2019,2,June,Jun,6
20190629,6/29/2019,2019,2,June,Jun,6
20190630,6/30/2019,2019,2,June,Jun,6
20190701,7/1/2019,2019,3,July,Jul,7
20190702,7/2/2019,2019,3,July,Jul,7
20190703,7/3/2019,2019,3,July,Jul,7
20190704,7/4/2019,2019,3,July,Jul,7
20190705,7/5/2019,2019,3,July,Jul,7
20190706,7/6/2019,2019,3,July,Jul,7
20190707,7/7/2019,2019,3,July,Jul,7
20190708,7/8/2019,2019,3,July,Jul,7
20190709,7/9/2019,2019,3,July,Jul,7
20190710,7/10/2019,2019,3,July,Jul,7
20190711,7/11/2019,2019,3,July,Jul,7
20190712,7/12/2019,2019,3,July,Jul,7
20190713,7/13/2019,2019,3,July,Jul,7
20190714,7/14/2019,2019,3,July,Jul,7
20190715,7/15/2019,2019,3,July,Jul,7
20190716,7/16/2019,2019,3,July,Jul,7
20190717,7/17/2019,2019,3,July,Jul,7
20190718,7/18/2019,2019,3,July,Jul,7
20190719,7/19/2019,2019,3,July,Jul,7
20190720,7/20/2019,2019,3,July,Jul,7
20190721,7/21/2019,2019,3,July,Jul,7
20190722,7/22/2019,2019,3,July,Jul,7
20190723,7/23/2019,2019,3,July,Jul,7
20190724,7/24/2019,2019,3,July,Jul,7
20190725,7/25/2019,2019,3,July,Jul,7
20190726,7/26/2019,2019,3,July,Jul,7
20190727,7/27/2019,2019,3,July,Jul,7
20190728,7/28/2019,2019,3,July,Jul,7
20190729,7/29/2019,2019,3,July,Jul,7
20190730,7/30/2019,2019,3,July,Jul,7
20190731,7/31/2019,2019,3,July,Jul,7
20190801,8/1/2019,2019,3,August,Aug,8
20190802,8/2/2019,2019,3,August,Aug,8
20190803,8/3/2019,2019,3,August,Aug,8
20190804,8/4/2019,2019,3,August,Aug,8
20190805,8/5/2019,2019,3,August,Aug,8
20190806,8/6/2019,2019,3,August,Aug,8
20190807,8/7/2019,2019,3,August,Aug,8
20190808,8/8/2019,2019,3,August,Aug,8
20190809,8/9/2019,2019,3,August,Aug,8
20190810,8/10/2019,2019,3,August,Aug,8
20190811,8/11/2019,2019,3,August,Aug,8
20190812,8/12/2019,2019,3,August,Aug,8
20190813,8/13/2019,2019,3,August,Aug,8
20190814,8/14/2019,2019,3,August,Aug,8
20190815,8/15/2019,2019,3,August,Aug,8
20190816,8/16/2019,2019,3,August,Aug,8
20190817,8/17/2019,2019,3,August,Aug,8
20190818,8/18/2019,2019,3,August,Aug,8
20190819,8/19/2019,2019,3,August,Aug,8
20190820,8/20/2019,2019,3,August,Aug,8
20190821,8/21/2019,2019,3,August,Aug,8
20190822,8/22/2019,2019,3,August,Aug,8
20190823,8/23/2019,2019,3,August,Aug,8
20190824,8/24/2019,2019,3,August,Aug,8
20190825,8/25/2019,2019,3,August,Aug,8
20190826,8/26/2019,2019,3,August,Aug,8
20190827,8/27/2019,2019,3,August,Aug,8
20190828,8/28/2019,2019,3,August,Aug,8
20190829,8/29/2019,2019,3,August,Aug,8
20190830,8/30/2019,2019,3,August,Aug,8
20190831,8/31/2019,2019,3,August,Aug,8
20190901,9/1/2019,2019,3,September,Sep,9
20190902,9/2/2019,2019,3,September,Sep,9
20190903,9/3/2019,2019,3,September,Sep,9
20190904,9/4/2019,2019,3,September,Sep,9
20190905,9/5/2019,2019,3,September,Sep,9
20190906,9/6/2019,2019,3,September,Sep,9
20190907,9/7/2019,2019,3,September,Sep,9
20190908,9/8/2019,2019,3,September,Sep,9
20190909,9/9/2019,2019,3,September,Sep,9
20190910,9/10/2019,2019,3,September,Sep,9
20190911,9/11/2019,2019,3,September,Sep,9
20190912,9/12/2019,2019,3,September,Sep,9
20190913,9/13/2019,2019,3,September,Sep,9
20190914,9/14/2019,2019,3,September,Sep,9
20190915,9/15/2019,2019,3,September,Sep,9
20190916,9/16/2019,2019,3,September,Sep,9
20190917,9/17/2019,2019,3,September,Sep,9
20190918,9/18/2019,2019,3,September,Sep,9
20190919,9/19/2019,2019,3,September,Sep,9
20190920,9/20/2019,2019,3,September,Sep,9
20190921,9/21/2019,2019,3,September,Sep,9
20190922,9/22/2019,2019,3,September,Sep,9
20190923,9/23/2019,2019,3,September,Sep,9
20190924,9/24/2019,2019,3,September,Sep,9
20190925,9/25/2019,2019,3,September,Sep,9
20190926,9/26/2019,2019,3,September,Sep,9
20190927,9/27/2019,2019,3,September,Sep,9
20190928,9/28/2019,2019,3,September,Sep,9
20190929,9/29/2019,2019,3,September,Sep,9
20190930,9/30/2019,2019,3,September,Sep,9
20191001,10/1/2019,2019,4,October,Oct,10
20191002,10/2/2019,2019,4,October,Oct,10
20191003,10/3/2019,2019,4,October,Oct,10
20191004,10/4/2019,2019,4,October,Oct,10
20191005,10/5/2019,2019,4,October,Oct,10
20191006,10/6/2019,2019,4,October,Oct,10
20191007,10/7/2019,2019,4,October,Oct,10
20191008,10/8/2019,2019,4,October,Oct,10
20191009,10/9/2019,2019,4,October,Oct,10
20191010,10/10/2019,2019,4,October,Oct,10
20191011,10/11/2019,2019,4,October,Oct,10
20191012,10/12/2019,2019,4,October,Oct,10
20191013,10/13/2019,2019,4,October,Oct,10
20191014,10/14/2019,2019,4,October,Oct,10
20191015,10/15/2019,2019,4,October,Oct,10
20191016,10/16/2019,2019,4,October,Oct,10
20191017,10/17/2019,2019,4,October,Oct,10
20191018,10/18/2019,2019,4,October,Oct,10
20191019,10/19/2019,2019,4,October,Oct,10
20191020,10/20/2019,2019,4,October,Oct,10
20191021,10/21/2019,2019,4,October,Oct,10
20191022,10/22/2019,2019,4,October,Oct,10
20191023,10/23/2019,2019,4,October,Oct,10
20191024,10/24/2019,2019,4,October,Oct,10
20191025,10/25/2019,2019,4,October,Oct,10
20191026,10/26/2019,2019,4,October,Oct,10
20191027,10/27/2019,2019,4,October,Oct,10
20191028,10/28/2019,2019,4,October,Oct,10
20191029,10/29/2019,2019,4,October,Oct,10
20191030,10/30/2019,2019,4,October,Oct,10
20191031,10/31/2019,2019,4,October,Oct,10
20191101,11/1/2019,2019,4,November,Nov,11
20191102,11/2/2019,2019,4,November,Nov,11
20191103,11/3/2019,2019,4,November,Nov,11
20191104,11/4/2019,2019,4,November,Nov,11
20191105,11/5/2019,2019,4,November,Nov,11
20191106,11/6/2019,2019,4,November,Nov,11
20191107,11/7/2019,2019,4,November,Nov,11
20191108,11/8/2019,2019,4,November,Nov,11
20191109,11/9/2019,2019,4,November,Nov,11
20191110,11/10/2019,2019,4,November,Nov,11
20191111,11/11/2019,2019,4,November,Nov,11
20191112,11/12/2019,2019,4,November,Nov,11
20191113,11/13/2019,2019,4,November,Nov,11
20191114,11/14/2019,2019,4,November,Nov,11
20191115,11/15/2019,2019,4,November,Nov,11
20191116,11/16/2019,2019,4,November,Nov,11
20191117,11/17/2019,2019,4,November,Nov,11
20191118,11/18/2019,2019,4,November,Nov,11
20191119,11/19/2019,2019,4,November,Nov,11
20191120,11/20/2019,2019,4,November,Nov,11
20191121,11/21/2019,2019,4,November,Nov,11
20191122,11/22/2019,2019,4,November,Nov,11
20191123,11/23/2019,2019,4,November,Nov,11
20191124,11/24/2019,2019,4,November,Nov,11
20191125,11/25/2019,2019,4,November,Nov,11
20191126,11/26/2019,2019,4,November,Nov,11
20191127,11/27/2019,2019,4,November,Nov,11
20191128,11/28/2019,2019,4,November,Nov,11
20191129,11/29/2019,2019,4,November,Nov,11
20191130,11/30/2019,2019,4,November,Nov,11
20191201,12/1/2019,2019,4,December,Dec,12
20191202,12/2/2019,2019,4,December,Dec,12
20191203,12/3/2019,2019,4,December,Dec,12
20191204,12/4/2019,2019,4,December,Dec,12
20191205,12/5/2019,2019,4,December,Dec,12
20191206,12/6/2019,2019,4,December,Dec,12
20191207,12/7/2019,2019,4,December,Dec,12
20191208,12/8/2019,2019,4,December,Dec,12
20191209,12/9/2019,2019,4,December,Dec,12
20191210,12/10/2019,2019,4,December,Dec,12
20191211,12/11/2019,2019,4,December,Dec,12
20191212,12/12/2019,2019,4,December,Dec,12
20191213,12/13/2019,2019,4,December,Dec,12
20191214,12/14/2019,2019,4,December,Dec,12
20191215,12/15/2019,2019,4,December,Dec,12
20191216,12/16/2019,2019,4,December,Dec,12
20191217,12/17/2019,2019,4,December,Dec,12
20191218,12/18/2019,2019,4,December,Dec,12
20191219,12/19/2019,2019,4,December,Dec,12
20191220,12/20/2019,2019,4,December,Dec,12
20191221,12/21/2019,2019,4,December,Dec,12
20191222,12/22/2019,2019,4,December,Dec,12
20191223,12/23/2019,2019,4,December,Dec,12
20191224,12/24/2019,2019,4,December,Dec,12
20191225,12/25/2019,2019,4,December,Dec,12
20191226,12/26/2019,2019,4,December,Dec,12
20191227,12/27/2019,2019,4,December,Dec,12
20191228,12/28/2019,2019,4,December,Dec,12
20191229,12/29/2019,2019,4,December,Dec,12
20191230,12/30/2019,2019,4,December,Dec,12
20191231,12/31/2019,2019,4,December,Dec,12
20200101,1/1/2020,2020,1,January,Jan,1
20200102,1/2/2020,2020,1,January,Jan,1
20200103,1/3/2020,2020,1,January,Jan,1
20200104,1/4/2020,2020,1,January,Jan,1
20200105,1/5/2020,2020,1,January,Jan,1
20200106,1/6/2020,2020,1,January,Jan,1
20200107,1/7/2020,2020,1,January,Jan,1
20200108,1/8/2020,2020,1,January,Jan,1
20200109,1/9/2020,2020,1,January,Jan,1
20200110,1/10/2020,2020,1,January,Jan,1
20200111,1/11/2020,2020,1,January,Jan,1
20200112,1/12/2020,2020,1,January,Jan,1
20200113,1/13/2020,2020,1,January,Jan,1
20200114,1/14/2020,2020,1,January,Jan,1
20200115,1/15/2020,2020,1,January,Jan,1
20200116,1/16/2020,2020,1,January,Jan,1
20200117,1/17/2020,2020,1,January,Jan,1
20200118,1/18/2020,2020,1,January,Jan,1
20200119,1/19/2020,2020,1,January,Jan,1
20200120,1/20/2020,2020,1,January,Jan,1
20200121,1/21/2020,2020,1,January,Jan,1
20200122,1/22/2020,2020,1,January,Jan,1
20200123,1/23/2020,2020,1,January,Jan,1
20200124,1/24/2020,2020,1,January,Jan,1
20200125,1/25/2020,2020,1,January,Jan,1
20200126,1/26/2020,2020,1,January,Jan,1
20200127,1/27/2020,2020,1,January,Jan,1
20200128,1/28/2020,2020,1,January,Jan,1
20200129,1/29/2020,2020,1,January,Jan,1
20200130,1/30/2020,2020,1,January,Jan,1
20200131,1/31/2020,2020,1,January,Jan,1
20200201,2/1/2020,2020,1,February,Feb,2
20200202,2/2/2020,2020,1,February,Feb,2
20200203,2/3/2020,2020,1,February,Feb,2
20200204,2/4/2020,2020,1,February,Feb,2
20200205,2/5/2020,2020,1,February,Feb,2
20200206,2/6/2020,2020,1,February,Feb,2
20200207,2/7/2020,2020,1,February,Feb,2
20200208,2/8/2020,2020,1,February,Feb,2
20200209,2/9/2020,2020,1,February,Feb,2
20200210,2/10/2020,2020,1,February,Feb,2
20200211,2/11/2020,2020,1,February,Feb,2
20200212,2/12/2020,2020,1,February,Feb,2
20200213,2/13/2020,2020,1,February,Feb,2
20200214,2/14/2020,2020,1,February,Feb,2
20200215,2/15/2020,2020,1,February,Feb,2
20200216,2/16/2020,2020,1,February,Feb,2
20200217,2/17/2020,2020,1,February,Feb,2
20200218,2/18/2020,2020,1,February,Feb,2
20200219,2/19/2020,2020,1,February,Feb,2
20200220,2/20/2020,2020,1,February,Feb,2
20200221,2/21/2020,2020,1,February,Feb,2
20200222,2/22/2020,2020,1,February,Feb,2
20200223,2/23/2020,2020,1,February,Feb,2
20200224,2/24/2020,2020,1,February,Feb,2
20200225,2/25/2020,2020,1,February,Feb,2
20200226,2/26/2020,2020,1,February,Feb,2
20200227,2/27/2020,2020,1,February,Feb,2
20200228,2/28/2020,2020,1,February,Feb,2
20200229,2/29/2020,2020,1,February,Feb,2
20200301,3/1/2020,2020,1,March,Mar,3
20200302,3/2/2020,2020,1,March,Mar,3
20200303,3/3/2020,2020,1,March,Mar,3
20200304,3/4/2020,2020,1,March,Mar,3
20200305,3/5/2020,2020,1,March,Mar,3
20200306,3/6/2020,2020,1,March,Mar,3
20200307,3/7/2020,2020,1,March,Mar,3
20200308,3/8/2020,2020,1,March,Mar,3
20200309,3/9/2020,2020,1,March,Mar,3
20200310,3/10/2020,2020,1,March,Mar,3
20200311,3/11/2020,2020,1,March,Mar,3
20200312,3/12/2020,2020,1,March,Mar,3
20200313,3/13/2020,2020,1,March,Mar,3
20200314,3/14/2020,2020,1,March,Mar,3
20200315,3/15/2020,2020,1,March,Mar,3
20200316,3/16/2020,2020,1,March,Mar,3
20200317,3/17/2020,2020,1,March,Mar,3
20200318,3/18/2020,2020,1,March,Mar,3
20200319,3/19/2020,2020,1,March,Mar,3
20200320,3/20/2020,2020,1,March,Mar,3
20200321,3/21/2020,2020,1,March,Mar,3
20200322,3/22/2020,2020,1,March,Mar,3
20200323,3/23/2020,2020,1,March,Mar,3
20200324,3/24/2020,2020,1,March,Mar,3
20200325,3/25/2020,2020,1,March,Mar,3
20200326,3/26/2020,2020,1,March,Mar,3
20200327,3/27/2020,2020,1,March,Mar,3
20200328,3/28/2020,2020,1,March,Mar,3
20200329,3/29/2020,2020,1,March,Mar,3
20200330,3/30/2020,2020,1,March,Mar,3
20200331,3/31/2020,2020,1,March,Mar,3
20200401,4/1/2020,2020,2,April,Apr,4
20200402,4/2/2020,2020,2,April,Apr,4
20200403,4/3/2020,2020,2,April,Apr,4
20200404,4/4/2020,2020,2,April,Apr,4
20200405,4/5/2020,2020,2,April,Apr,4
20200406,4/6/2020,2020,2,April,Apr,4
20200407,4/7/2020,2020,2,April,Apr,4
20200408,4/8/2020,2020,2,April,Apr,4
20200409,4/9/2020,2020,2,April,Apr,4
20200410,4/10/2020,2020,2,April,Apr,4
20200411,4/11/2020,2020,2,April,Apr,4
20200412,4/12/2020,2020,2,April,Apr,4
20200413,4/13/2020,2020,2,April,Apr,4
20200414,4/14/2020,2020,2,April,Apr,4
20200415,4/15/2020,2020,2,April,Apr,4
20200416,4/16/2020,2020,2,April,Apr,4
20200417,4/17/2020,2020,2,April,Apr,4
20200418,4/18/2020,2020,2,April,Apr,4
20200419,4/19/2020,2020,2,April,Apr,4
20200420,4/20/2020,2020,2,April,Apr,4
20200421,4/21/2020,2020,2,April,Apr,4
20200422,4/22/2020,2020,2,April,Apr,4
20200423,4/23/2020,2020,2,April,Apr,4
20200424,4/24/2020,2020,2,April,Apr,4
20200425,4/25/2020,2020,2,April,Apr,4
20200426,4/26/2020,2020,2,April,Apr,4
20200427,4/27/2020,2020,2,April,Apr,4
20200428,4/28/2020,2020,2,April,Apr,4
20200429,4/29/2020,2020,2,April,Apr,4
20200430,4/30/2020,2020,2,April,Apr,4
20200501,5/1/2020,2020,2,May,May,5
20200502,5/2/2020,2020,2,May,May,5
20200503,5/3/2020,2020,2,May,May,5
20200504,5/4/2020,2020,2,May,May,5
20200505,5/5/2020,2020,2,May,May,5
20200506,5/6/2020,2020,2,May,May,5
20200507,5/7/2020,2020,2,May,May,5
20200508,5/8/2020,2020,2,May,May,5
20200509,5/9/2020,2020,2,May,May,5
20200510,5/10/2020,2020,2,May,May,5
20200511,5/11/2020,2020,2,May,May,5
20200512,5/12/2020,2020,2,May,May,5
20200513,5/13/2020,2020,2,May,May,5
20200514,5/14/2020,2020,2,May,May,5
20200515,5/15/2020,2020,2,May,May,5
20200516,5/16/2020,2020,2,May,May,5
20200517,5/17/2020,2020,2,May,May,5
20200518,5/18/2020,2020,2,May,May,5
20200519,5/19/2020,2020,2,May,May,5
20200520,5/20/2020,2020,2,May,May,5
20200521,5/21/2020,2020,2,May,May,5
20200522,5/22/2020,2020,2,May,May,5
20200523,5/23/2020,2020,2,May,May,5
20200524,5/24/2020,2020,2,May,May,5
20200525,5/25/2020,2020,2,May,May,5
20200526,5/26/2020,2020,2,May,May,5
20200527,5/27/2020,2020,2,May,May,5
20200528,5/28/2020,2020,2,May,May,5
20200529,5/29/2020,2020,2,May,May,5
20200530,5/30/2020,2020,2,May,May,5
20200531,5/31/2020,2020,2,May,May,5
20200601,6/1/2020,2020,2,June,Jun,6
20200602,6/2/2020,2020,2,June,Jun,6
20200603,6/3/2020,2020,2,June,Jun,6
20200604,6/4/2020,2020,2,June,Jun,6
20200605,6/5/2020,2020,2,June,Jun,6
20200606,6/6/2020,2020,2,June,Jun,6
20200607,6/7/2020,2020,2,June,Jun,6
20200608,6/8/2020,2020,2,June,Jun,6
20200609,6/9/2020,2020,2,June,Jun,6
20200610,6/10/2020,2020,2,June,Jun,6
20200611,6/11/2020,2020,2,June,Jun,6
20200612,6/12/2020,2020,2,June,Jun,6
20200613,6/13/2020,2020,2,June,Jun,6
20200614,6/14/2020,2020,2,June,Jun,6
20200615,6/15/2020,2020,2,June,Jun,6
20200616,6/16/2020,2020,2,June,Jun,6
20200617,6/17/2020,2020,2,June,Jun,6
20200618,6/18/2020,2020,2,June,Jun,6
20200619,6/19/2020,2020,2,June,Jun,6
20200620,6/20/2020,2020,2,June,Jun,6
20200621,6/21/2020,2020,2,June,Jun,6
20200622,6/22/2020,2020,2,June,Jun,6
20200623,6/23/2020,2020,2,June,Jun,6
20200624,6/24/2020,2020,2,June,Jun,6
20200625,6/25/2020,2020,2,June,Jun,6
20200626,6/26/2020,2020,2,June,Jun,6
20200627,6/27/2020,2020,2,June,Jun,6
20200628,6/28/2020,2020,2,June,Jun,6
20200629,6/29/2020,2020,2,June,Jun,6
20200630,6/30/2020,2020,2,June,Jun,6
20200701,7/1/2020,2020,3,July,Jul,7
20200702,7/2/2020,2020,3,July,Jul,7
20200703,7/3/2020,2020,3,July,Jul,7
20200704,7/4/2020,2020,3,July,Jul,7
20200705,7/5/2020,2020,3,July,Jul,7
20200706,7/6/2020,2020,3,July,Jul,7
20200707,7/7/2020,2020,3,July,Jul,7
20200708,7/8/2020,2020,3,July,Jul,7
20200709,7/9/2020,2020,3,July,Jul,7
20200710,7/10/2020,2020,3,July,Jul,7
20200711,7/11/2020,2020,3,July,Jul,7
20200712,7/12/2020,2020,3,July,Jul,7
20200713,7/13/2020,2020,3,July,Jul,7
20200714,7/14/2020,2020,3,July,Jul,7
20200715,7/15/2020,2020,3,July,Jul,7
20200716,7/16/2020,2020,3,July,Jul,7
20200717,7/17/2020,2020,3,July,Jul,7
20200718,7/18/2020,2020,3,July,Jul,7
20200719,7/19/2020,2020,3,July,Jul,7
20200720,7/20/2020,2020,3,July,Jul,7
20200721,7/21/2020,2020,3,July,Jul,7
20200722,7/22/2020,2020,3,July,Jul,7
20200723,7/23/2020,2020,3,July,Jul,7
20200724,7/24/2020,2020,3,July,Jul,7
20200725,7/25/2020,2020,3,July,Jul,7
20200726,7/26/2020,2020,3,July,Jul,7
20200727,7/27/2020,2020,3,July,Jul,7
20200728,7/28/2020,2020,3,July,Jul,7
20200729,7/29/2020,2020,3,July,Jul,7
20200730,7/30/2020,2020,3,July,Jul,7
20200731,7/31/2020,2020,3,July,Jul,7
20200801,8/1/2020,2020,3,August,Aug,8
20200802,8/2/2020,2020,3,August,Aug,8
20200803,8/3/2020,2020,3,August,Aug,8
20200804,8/4/2020,2020,3,August,Aug,8
20200805,8/5/2020,2020,3,August,Aug,8
20200806,8/6/2020,2020,3,August,Aug,8
20200807,8/7/2020,2020,3,August,Aug,8
20200808,8/8/2020,2020,3,August,Aug,8
20200809,8/9/2020,2020,3,August,Aug,8
20200810,8/10/2020,2020,3,August,Aug,8
20200811,8/11/2020,2020,3,August,Aug,8
20200812,8/12/2020,2020,3,August,Aug,8
20200813,8/13/2020,2020,3,August,Aug,8
20200814,8/14/2020,2020,3,August,Aug,8
20200815,8/15/2020,2020,3,August,Aug,8
20200816,8/16/2020,2020,3,August,Aug,8
20200817,8/17/2020,2020,3,August,Aug,8
20200818,8/18/2020,2020,3,August,Aug,8
20200819,8/19/2020,2020,3,August,Aug,8
20200820,8/20/2020,2020,3,August,Aug,8
20200821,8/21/2020,2020,3,August,Aug,8
20200822,8/22/2020,2020,3,August,Aug,8
20200823,8/23/2020,2020,3,August,Aug,8
20200824,8/24/2020,2020,3,August,Aug,8
20200825,8/25/2020,2020,3,August,Aug,8
20200826,8/26/2020,2020,3,August,Aug,8
20200827,8/27/2020,2020,3,August,Aug,8
20200828,8/28/2020,2020,3,August,Aug,8
20200829,8/29/2020,2020,3,August,Aug,8
20200830,8/30/2020,2020,3,August,Aug,8
20200831,8/31/2020,2020,3,August,Aug,8
20200901,9/1/2020,2020,3,September,Sep,9
20200902,9/2/2020,2020,3,September,Sep,9
20200903,9/3/2020,2020,3,September,Sep,9
20200904,9/4/2020,2020,3,September,Sep,9
20200905,9/5/2020,2020,3,September,Sep,9
20200906,9/6/2020,2020,3,September,Sep,9
20200907,9/7/2020,2020,3,September,Sep,9
20200908,9/8/2020,2020,3,September,Sep,9
20200909,9/9/2020,2020,3,September,Sep,9
20200910,9/10/2020,2020,3,September,Sep,9
20200911,9/11/2020,2020,3,September,Sep,9
20200912,9/12/2020,2020,3,September,Sep,9
20200913,9/13/2020,2020,3,September,Sep,9
20200914,9/14/2020,2020,3,September,Sep,9
20200915,9/15/2020,2020,3,September,Sep,9
20200916,9/16/2020,2020,3,September,Sep,9
20200917,9/17/2020,2020,3,September,Sep,9
20200918,9/18/2020,2020,3,September,Sep,9
20200919,9/19/2020,2020,3,September,Sep,9
20200920,9/20/2020,2020,3,September,Sep,9
20200921,9/21/2020,2020,3,September,Sep,9
20200922,9/22/2020,2020,3,September,Sep,9
20200923,9/23/2020,2020,3,September,Sep,9
20200924,9/24/2020,2020,3,September,Sep,9
20200925,9/25/2020,2020,3,September,Sep,9
20200926,9/26/2020,2020,3,September,Sep,9
20200927,9/27/2020,2020,3,September,Sep,9
20200928,9/28/2020,2020,3,September,Sep,9
20200929,9/29/2020,2020,3,September,Sep,9
20200930,9/30/2020,2020,3,September,Sep,9
20201001,10/1/2020,2020,4,October,Oct,10
20201002,10/2/2020,2020,4,October,Oct,10
20201003,10/3/2020,2020,4,October,Oct,10
20201004,10/4/2020,2020,4,October,Oct,10
20201005,10/5/2020,2020,4,October,Oct,10
20201006,10/6/2020,2020,4,October,Oct,10
20201007,10/7/2020,2020,4,October,Oct,10
20201008,10/8/2020,2020,4,October,Oct,10
20201009,10/9/2020,2020,4,October,Oct,10
20201010,10/10/2020,2020,4,October,Oct,10
20201011,10/11/2020,2020,4,October,Oct,10
20201012,10/12/2020,2020,4,October,Oct,10
20201013,10/13/2020,2020,4,October,Oct,10
20201014,10/14/2020,2020,4,October,Oct,10
20201015,10/15/2020,2020,4,October,Oct,10
20201016,10/16/2020,2020,4,October,Oct,10
20201017,10/17/2020,2020,4,October,Oct,10
20201018,10/18/2020,2020,4,October,Oct,10
20201019,10/19/2020,2020,4,October,Oct,10
20201020,10/20/2020,2020,4,October,Oct,10
20201021,10/21/2020,2020,4,October,Oct,10
20201022,10/22/2020,2020,4,October,Oct,10
20201023,10/23/2020,2020,4,October,Oct,10
20201024,10/24/2020,2020,4,October,Oct,10
20201025,10/25/2020,2020,4,October,Oct,10
20201026,10/26/2020,2020,4,October,Oct,10
20201027,10/27/2020,2020,4,October,Oct,10
20201028,10/28/2020,2020,4,October,Oct,10
20201029,10/29/2020,2020,4,October,Oct,10
20201030,10/30/2020,2020,4,October,Oct,10
20201031,10/31/2020,2020,4,October,Oct,10
20201101,11/1/2020,2020,4,November,Nov,11
20201102,11/2/2020,2020,4,November,Nov,11
20201103,11/3/2020,2020,4,November,Nov,11
20201104,11/4/2020,2020,4,November,Nov,11
20201105,11/5/2020,2020,4,November,Nov,11
20201106,11/6/2020,2020,4,November,Nov,11
20201107,11/7/2020,2020,4,November,Nov,11
20201108,11/8/2020,2020,4,November,Nov,11
20201109,11/9/2020,2020,4,November,Nov,11
20201110,11/10/2020,2020,4,November,Nov,11
20201111,11/11/2020,2020,4,November,Nov,11
20201112,11/12/2020,2020,4,November,Nov,11
20201113,11/13/2020,2020,4,November,Nov,11
20201114,11/14/2020,2020,4,November,Nov,11
20201115,11/15/2020,2020,4,November,Nov,11
20201116,11/16/2020,2020,4,November,Nov,11
20201117,11/17/2020,2020,4,November,Nov,11
20201118,11/18/2020,2020,4,November,Nov,11
20201119,11/19/2020,2020,4,November,Nov,11
20201120,11/20/2020,2020,4,November,Nov,11
20201121,11/21/2020,2020,4,November,Nov,11
20201122,11/22/2020,2020,4,November,Nov,11
20201123,11/23/2020,2020,4,November,Nov,11
20201124,11/24/2020,2020,4,November,Nov,11
20201125,11/25/2020,2020,4,November,Nov,11
20201126,11/26/2020,2020,4,November,Nov,11
20201127,11/27/2020,2020,4,November,Nov,11
20201128,11/28/2020,2020,4,November,Nov,11
20201129,11/29/2020,2020,4,November,Nov,11
20201130,11/30/2020,2020,4,November,Nov,11
20201201,12/1/2020,2020,4,December,Dec,12
20201202,12/2/2020,2020,4,December,Dec,12
20201203,12/3/2020,2020,4,December,Dec,12
20201204,12/4/2020,2020,4,December,Dec,12
20201205,12/5/2020,2020,4,December,Dec,12
20201206,12/6/2020,2020,4,December,Dec,12
20201207,12/7/2020,2020,4,December,Dec,12
20201208,12/8/2020,2020,4,December,Dec,12
20201209,12/9/2020,2020,4,December,Dec,12
20201210,12/10/2020,2020,4,December,Dec,12
20201211,12/11/2020,2020,4,December,Dec,12
20201212,12/12/2020,2020,4,December,Dec,12
20201213,12/13/2020,2020,4,December,Dec,12
20201214,12/14/2020,2020,4,December,Dec,12
20201215,12/15/2020,2020,4,December,Dec,12
20201216,12/16/2020,2020,4,December,Dec,12
20201217,12/17/2020,2020,4,December,Dec,12
20201218,12/18/2020,2020,4,December,Dec,12
20201219,12/19/2020,2020,4,December,Dec,12
20201220,12/20/2020,2020,4,December,Dec,12
20201221,12/21/2020,2020,4,December,Dec,12
20201222,12/22/2020,2020,4,December,Dec,12
20201223,12/23/2020,2020,4,December,Dec,12
20201224,12/24/2020,2020,4,December,Dec,12
20201225,12/25/2020,2020,4,December,Dec,12
20201226,12/26/2020,2020,4,December,Dec,12
20201227,12/27/2020,2020,4,December,Dec,12
20201228,12/28/2020,2020,4,December,Dec,12
20201229,12/29/2020,2020,4,December,Dec,12
20201230,12/30/2020,2020,4,December,Dec,12
20201231,12/31/2020,2020,4,December,Dec,12
20210101,1/1/2021,2021,1,January,Jan,1
20210102,1/2/2021,2021,1,January,Jan,1
20210103,1/3/2021,2021,1,January,Jan,1
20210104,1/4/2021,2021,1,January,Jan,1
20210105,1/5/2021,2021,1,January,Jan,1
20210106,1/6/2021,2021,1,January,Jan,1
20210107,1/7/2021,2021,1,January,Jan,1
20210108,1/8/2021,2021,1,January,Jan,1
20210109,1/9/2021,2021,1,January,Jan,1
20210110,1/10/2021,2021,1,January,Jan,1
20210111,1/11/2021,2021,1,January,Jan,1
20210112,1/12/2021,2021,1,January,Jan,1
20210113,1/13/2021,2021,1,January,Jan,1
20210114,1/14/2021,2021,1,January,Jan,1
20210115,1/15/2021,2021,1,January,Jan,1
20210116,1/16/2021,2021,1,January,Jan,1
20210117,1/17/2021,2021,1,January,Jan,1
20210118,1/18/2021,2021,1,January,Jan,1
20210119,1/19/2021,2021,1,January,Jan,1
20210120,1/20/2021,2021,1,January,Jan,1
20210121,1/21/2021,2021,1,January,Jan,1
20210122,1/22/2021,2021,1,January,Jan,1
20210123,1/23/2021,2021,1,January,Jan,1
20210124,1/24/2021,2021,1,January,Jan,1
20210125,1/25/2021,2021,1,January,Jan,1
20210126,1/26/2021,2021,1,January,Jan,1
20210127,1/27/2021,2021,1,January,Jan,1
20210128,1/28/2021,2021,1,January,Jan,1
20210129,1/29/2021,2021,1,January,Jan,1
20210130,1/30/2021,2021,1,January,Jan,1
20210131,1/31/2021,2021,1,January,Jan,1
20210201,2/1/2021,2021,1,February,Feb,2
20210202,2/2/2021,2021,1,February,Feb,2
20210203,2/3/2021,2021,1,February,Feb,2
20210204,2/4/2021,2021,1,February,Feb,2
20210205,2/5/2021,2021,1,February,Feb,2
20210206,2/6/2021,2021,1,February,Feb,2
20210207,2/7/2021,2021,1,February,Feb,2
20210208,2/8/2021,2021,1,February,Feb,2
20210209,2/9/2021,2021,1,February,Feb,2
20210210,2/10/2021,2021,1,February,Feb,2
20210211,2/11/2021,2021,1,February,Feb,2
20210212,2/12/2021,2021,1,February,Feb,2
20210213,2/13/2021,2021,1,February,Feb,2
20210214,2/14/2021,2021,1,February,Feb,2
20210215,2/15/2021,2021,1,February,Feb,2
20210216,2/16/2021,2021,1,February,Feb,2
20210217,2/17/2021,2021,1,February,Feb,2
20210218,2/18/2021,2021,1,February,Feb,2
20210219,2/19/2021,2021,1,February,Feb,2
20210220,2/20/2021,2021,1,February,Feb,2
20210221,2/21/2021,2021,1,February,Feb,2
20210222,2/22/2021,2021,1,February,Feb,2
20210223,2/23/2021,2021,1,February,Feb,2
20210224,2/24/2021,2021,1,February,Feb,2
20210225,2/25/2021,2021,1,February,Feb,2
20210226,2/26/2021,2021,1,February,Feb,2
20210227,2/27/2021,2021,1,February,Feb,2
20210228,2/28/2021,2021,1,February,Feb,2
20210301,3/1/2021,2021,1,March,Mar,3
20210302,3/2/2021,2021,1,March,Mar,3
20210303,3/3/2021,2021,1,March,Mar,3
20210304,3/4/2021,2021,1,March,Mar,3
20210305,3/5/2021,2021,1,March,Mar,3
20210306,3/6/2021,2021,1,March,Mar,3
20210307,3/7/2021,2021,1,March,Mar,3
20210308,3/8/2021,2021,1,March,Mar,3
20210309,3/9/2021,2021,1,March,Mar,3
20210310,3/10/2021,2021,1,March,Mar,3
20210311,3/11/2021,2021,1,March,Mar,3
20210312,3/12/2021,2021,1,March,Mar,3
20210313,3/13/2021,2021,1,March,Mar,3
20210314,3/14/2021,2021,1,March,Mar,3
20210315,3/15/2021,2021,1,March,Mar,3
20210316,3/16/2021,2021,1,March,Mar,3
20210317,3/17/2021,2021,1,March,Mar,3
20210318,3/18/2021,2021,1,March,Mar,3
20210319,3/19/2021,2021,1,March,Mar,3
20210320,3/20/2021,2021,1,March,Mar,3
20210321,3/21/2021,2021,1,March,Mar,3
20210322,3/22/2021,2021,1,March,Mar,3
20210323,3/23/2021,2021,1,March,Mar,3
20210324,3/24/2021,2021,1,March,Mar,3
20210325,3/25/2021,2021,1,March,Mar,3
20210326,3/26/2021,2021,1,March,Mar,3
20210327,3/27/2021,2021,1,March,Mar,3
20210328,3/28/2021,2021,1,March,Mar,3
20210329,3/29/2021,2021,1,March,Mar,3
20210330,3/30/2021,2021,1,March,Mar,3
20210331,3/31/2021,2021,1,March,Mar,3
20210401,4/1/2021,2021,2,April,Apr,4
20210402,4/2/2021,2021,2,April,Apr,4
20210403,4/3/2021,2021,2,April,Apr,4
20210404,4/4/2021,2021,2,April,Apr,4
20210405,4/5/2021,2021,2,April,Apr,4
20210406,4/6/2021,2021,2,April,Apr,4
20210407,4/7/2021,2021,2,April,Apr,4
20210408,4/8/2021,2021,2,April,Apr,4
20210409,4/9/2021,2021,2,April,Apr,4
20210410,4/10/2021,2021,2,April,Apr,4
20210411,4/11/2021,2021,2,April,Apr,4
20210412,4/12/2021,2021,2,April,Apr,4
20210413,4/13/2021,2021,2,April,Apr,4
20210414,4/14/2021,2021,2,April,Apr,4
20210415,4/15/2021,2021,2,April,Apr,4
20210416,4/16/2021,2021,2,April,Apr,4
20210417,4/17/2021,2021,2,April,Apr,4
20210418,4/18/2021,2021,2,April,Apr,4
20210419,4/19/2021,2021,2,April,Apr,4
20210420,4/20/2021,2021,2,April,Apr,4
20210421,4/21/2021,2021,2,April,Apr,4
20210422,4/22/2021,2021,2,April,Apr,4
20210423,4/23/2021,2021,2,April,Apr,4
20210424,4/24/2021,2021,2,April,Apr,4
20210425,4/25/2021,2021,2,April,Apr,4
20210426,4/26/2021,2021,2,April,Apr,4
20210427,4/27/2021,2021,2,April,Apr,4
20210428,4/28/2021,2021,2,April,Apr,4
20210429,4/29/2021,2021,2,April,Apr,4
20210430,4/30/2021,2021,2,April,Apr,4
20210501,5/1/2021,2021,2,May,May,5
20210502,5/2/2021,2021,2,May,May,5
20210503,5/3/2021,2021,2,May,May,5
20210504,5/4/2021,2021,2,May,May,5
20210505,5/5/2021,2021,2,May,May,5
20210506,5/6/2021,2021,2,May,May,5
20210507,5/7/2021,2021,2,May,May,5
20210508,5/8/2021,2021,2,May,May,5
20210509,5/9/2021,2021,2,May,May,5
20210510,5/10/2021,2021,2,May,May,5
20210511,5/11/2021,2021,2,May,May,5
20210512,5/12/2021,2021,2,May,May,5
20210513,5/13/2021,2021,2,May,May,5
20210514,5/14/2021,2021,2,May,May,5
20210515,5/15/2021,2021,2,May,May,5
20210516,5/16/2021,2021,2,May,May,5
20210517,5/17/2021,2021,2,May,May,5
20210518,5/18/2021,2021,2,May,May,5
20210519,5/19/2021,2021,2,May,May,5
20210520,5/20/2021,2021,2,May,May,5
20210521,5/21/2021,2021,2,May,May,5
20210522,5/22/2021,2021,2,May,May,5
20210523,5/23/2021,2021,2,May,May,5
20210524,5/24/2021,2021,2,May,May,5
20210525,5/25/2021,2021,2,May,May,5
20210526,5/26/2021,2021,2,May,May,5
20210527,5/27/2021,2021,2,May,May,5
20210528,5/28/2021,2021,2,May,May,5
20210529,5/29/2021,2021,2,May,May,5
20210530,5/30/2021,2021,2,May,May,5
20210531,5/31/2021,2021,2,May,May,5
20210601,6/1/2021,2021,2,June,Jun,6
20210602,6/2/2021,2021,2,June,Jun,6
20210603,6/3/2021,2021,2,June,Jun,6
20210604,6/4/2021,2021,2,June,Jun,6
20210605,6/5/2021,2021,2,June,Jun,6
20210606,6/6/2021,2021,2,June,Jun,6
20210607,6/7/2021,2021,2,June,Jun,6
20210608,6/8/2021,2021,2,June,Jun,6
20210609,6/9/2021,2021,2,June,Jun,6
20210610,6/10/2021,2021,2,June,Jun,6
20210611,6/11/2021,2021,2,June,Jun,6
20210612,6/12/2021,2021,2,June,Jun,6
20210613,6/13/2021,2021,2,June,Jun,6
20210614,6/14/2021,2021,2,June,Jun,6
20210615,6/15/2021,2021,2,June,Jun,6
20210616,6/16/2021,2021,2,June,Jun,6
20210617,6/17/2021,2021,2,June,Jun,6
20210618,6/18/2021,2021,2,June,Jun,6
20210619,6/19/2021,2021,2,June,Jun,6
20210620,6/20/2021,2021,2,June,Jun,6
20210621,6/21/2021,2021,2,June,Jun,6
20210622,6/22/2021,2021,2,June,Jun,6
20210623,6/23/2021,2021,2,June,Jun,6
20210624,6/24/2021,2021,2,June,Jun,6
20210625,6/25/2021,2021,2,June,Jun,6
20210626,6/26/2021,2021,2,June,Jun,6
20210627,6/27/2021,2021,2,June,Jun,6
20210628,6/28/2021,2021,2,June,Jun,6
20210629,6/29/2021,2021,2,June,Jun,6
20210630,6/30/2021,2021,2,June,Jun,6
20210701,7/1/2021,2021,3,July,Jul,7
20210702,7/2/2021,2021,3,July,Jul,7
20210703,7/3/2021,2021,3,July,Jul,7
20210704,7/4/2021,2021,3,July,Jul,7
20210705,7/5/2021,2021,3,July,Jul,7
20210706,7/6/2021,2021,3,July,Jul,7
20210707,7/7/2021,2021,3,July,Jul,7
20210708,7/8/2021,2021,3,July,Jul,7
20210709,7/9/2021,2021,3,July,Jul,7
20210710,7/10/2021,2021,3,July,Jul,7
20210711,7/11/2021,2021,3,July,Jul,7
20210712,7/12/2021,2021,3,July,Jul,7
20210713,7/13/2021,2021,3,July,Jul,7
20210714,7/14/2021,2021,3,July,Jul,7
20210715,7/15/2021,2021,3,July,Jul,7
20210716,7/16/2021,2021,3,July,Jul,7
20210717,7/17/2021,2021,3,July,Jul,7
20210718,7/18/2021,2021,3,July,Jul,7
20210719,7/19/2021,2021,3,July,Jul,7
20210720,7/20/2021,2021,3,July,Jul,7
20210721,7/21/2021,2021,3,July,Jul,7
20210722,7/22/2021,2021,3,July,Jul,7
20210723,7/23/2021,2021,3,July,Jul,7
20210724,7/24/2021,2021,3,July,Jul,7
20210725,7/25/2021,2021,3,July,Jul,7
20210726,7/26/2021,2021,3,July,Jul,7
20210727,7/27/2021,2021,3,July,Jul,7
20210728,7/28/2021,2021,3,July,Jul,7
20210729,7/29/2021,2021,3,July,Jul,7
20210730,7/30/2021,2021,3,July,Jul,7
20210731,7/31/2021,2021,3,July,Jul,7
20210801,8/1/2021,2021,3,August,Aug,8
20210802,8/2/2021,2021,3,August,Aug,8
20210803,8/3/2021,2021,3,August,Aug,8
20210804,8/4/2021,2021,3,August,Aug,8
20210805,8/5/2021,2021,3,August,Aug,8
20210806,8/6/2021,2021,3,August,Aug,8
20210807,8/7/2021,2021,3,August,Aug,8
20210808,8/8/2021,2021,3,August,Aug,8
20210809,8/9/2021,2021,3,August,Aug,8
20210810,8/10/2021,2021,3,August,Aug,8
20210811,8/11/2021,2021,3,August,Aug,8
20210812,8/12/2021,2021,3,August,Aug,8
20210813,8/13/2021,2021,3,August,Aug,8
20210814,8/14/2021,2021,3,August,Aug,8
20210815,8/15/2021,2021,3,August,Aug,8
20210816,8/16/2021,2021,3,August,Aug,8
20210817,8/17/2021,2021,3,August,Aug,8
20210818,8/18/2021,2021,3,August,Aug,8
20210819,8/19/2021,2021,3,August,Aug,8
20210820,8/20/2021,2021,3,August,Aug,8
20210821,8/21/2021,2021,3,August,Aug,8
20210822,8/22/2021,2021,3,August,Aug,8
20210823,8/23/2021,2021,3,August,Aug,8
20210824,8/24/2021,2021,3,August,Aug,8
20210825,8/25/2021,2021,3,August,Aug,8
20210826,8/26/2021,2021,3,August,Aug,8
20210827,8/27/2021,2021,3,August,Aug,8
20210828,8/28/2021,2021,3,August,Aug,8
20210829,8/29/2021,2021,3,August,Aug,8
20210830,8/30/2021,2021,3,August,Aug,8
20210831,8/31/2021,2021,3,August,Aug,8
20210901,9/1/2021,2021,3,September,Sep,9
20210902,9/2/2021,2021,3,September,Sep,9
20210903,9/3/2021,2021,3,September,Sep,9
20210904,9/4/2021,2021,3,September,Sep,9
20210905,9/5/2021,2021,3,September,Sep,9
20210906,9/6/2021,2021,3,September,Sep,9
20210907,9/7/2021,2021,3,September,Sep,9
20210908,9/8/2021,2021,3,September,Sep,9
20210909,9/9/2021,2021,3,September,Sep,9
20210910,9/10/2021,2021,3,September,Sep,9
20210911,9/11/2021,2021,3,September,Sep,9
20210912,9/12/2021,2021,3,September,Sep,9
20210913,9/13/2021,2021,3,September,Sep,9
20210914,9/14/2021,2021,3,September,Sep,9
20210915,9/15/2021,2021,3,September,Sep,9
20210916,9/16/2021,2021,3,September,Sep,9
20210917,9/17/2021,2021,3,September,Sep,9
20210918,9/18/2021,2021,3,September,Sep,9
20210919,9/19/2021,2021,3,September,Sep,9
20210920,9/20/2021,2021,3,September,Sep,9
20210921,9/21/2021,2021,3,September,Sep,9
20210922,9/22/2021,2021,3,September,Sep,9
20210923,9/23/2021,2021,3,September,Sep,9
20210924,9/24/2021,2021,3,September,Sep,9
20210925,9/25/2021,2021,3,September,Sep,9
20210926,9/26/2021,2021,3,September,Sep,9
20210927,9/27/2021,2021,3,September,Sep,9
20210928,9/28/2021,2021,3,September,Sep,9
20210929,9/29/2021,2021,3,September,Sep,9
20210930,9/30/2021,2021,3,September,Sep,9
20211001,10/1/2021,2021,4,October,Oct,10
20211002,10/2/2021,2021,4,October,Oct,10
20211003,10/3/2021,2021,4,October,Oct,10
20211004,10/4/2021,2021,4,October,Oct,10
20211005,10/5/2021,2021,4,October,Oct,10
20211006,10/6/2021,2021,4,October,Oct,10
20211007,10/7/2021,2021,4,October,Oct,10
20211008,10/8/2021,2021,4,October,Oct,10
20211009,10/9/2021,2021,4,October,Oct,10
20211010,10/10/2021,2021,4,October,Oct,10
20211011,10/11/2021,2021,4,October,Oct,10
20211012,10/12/2021,2021,4,October,Oct,10
20211013,10/13/2021,2021,4,October,Oct,10
20211014,10/14/2021,2021,4,October,Oct,10
20211015,10/15/2021,2021,4,October,Oct,10
20211016,10/16/2021,2021,4,October,Oct,10
20211017,10/17/2021,2021,4,October,Oct,10
20211018,10/18/2021,2021,4,October,Oct,10
20211019,10/19/2021,2021,4,October,Oct,10
20211020,10/20/2021,2021,4,October,Oct,10
20211021,10/21/2021,2021,4,October,Oct,10
20211022,10/22/2021,2021,4,October,Oct,10
20211023,10/23/2021,2021,4,October,Oct,10
20211024,10/24/2021,2021,4,October,Oct,10
20211025,10/25/2021,2021,4,October,Oct,10
20211026,10/26/2021,2021,4,October,Oct,10
20211027,10/27/2021,2021,4,October,Oct,10
20211028,10/28/2021,2021,4,October,Oct,10
20211029,10/29/2021,2021,4,October,Oct,10
20211030,10/30/2021,2021,4,October,Oct,10
20211031,10/31/2021,2021,4,October,Oct,10
20211101,11/1/2021,2021,4,November,Nov,11
20211102,11/2/2021,2021,4,November,Nov,11
20211103,11/3/2021,2021,4,November,Nov,11
20211104,11/4/2021,2021,4,November,Nov,11
20211105,11/5/2021,2021,4,November,Nov,11
20211106,11/6/2021,2021,4,November,Nov,11
20211107,11/7/2021,2021,4,November,Nov,11
20211108,11/8/2021,2021,4,November,Nov,11
20211109,11/9/2021,2021,4,November,Nov,11
20211110,11/10/2021,2021,4,November,Nov,11
20211111,11/11/2021,2021,4,November,Nov,11
20211112,11/12/2021,2021,4,November,Nov,11
20211113,11/13/2021,2021,4,November,Nov,11
20211114,11/14/2021,2021,4,November,Nov,11
20211115,11/15/2021,2021,4,November,Nov,11
20211116,11/16/2021,2021,4,November,Nov,11
20211117,11/17/2021,2021,4,November,Nov,11
20211118,11/18/2021,2021,4,November,Nov,11
20211119,11/19/2021,2021,4,November,Nov,11
20211120,11/20/2021,2021,4,November,Nov,11
20211121,11/21/2021,2021,4,November,Nov,11
20211122,11/22/2021,2021,4,November,Nov,11
20211123,11/23/2021,2021,4,November,Nov,11
20211124,11/24/2021,2021,4,November,Nov,11
20211125,11/25/2021,2021,4,November,Nov,11
20211126,11/26/2021,2021,4,November,Nov,11
20211127,11/27/2021,2021,4,November,Nov,11
20211128,11/28/2021,2021,4,November,Nov,11
20211129,11/29/2021,2021,4,November,Nov,11
20211130,11/30/2021,2021,4,November,Nov,11
20211201,12/1/2021,2021,4,December,Dec,12
20211202,12/2/2021,2021,4,December,Dec,12
20211203,12/3/2021,2021,4,December,Dec,12
20211204,12/4/2021,2021,4,December,Dec,12
20211205,12/5/2021,2021,4,December,Dec,12
20211206,12/6/2021,2021,4,December,Dec,12
20211207,12/7/2021,2021,4,December,Dec,12
20211208,12/8/2021,2021,4,December,Dec,12
20211209,12/9/2021,2021,4,December,Dec,12
20211210,12/10/2021,2021,4,December,Dec,12
20211211,12/11/2021,2021,4,December,Dec,12
20211212,12/12/2021,2021,4,December,Dec,12
20211213,12/13/2021,2021,4,December,Dec,12
20211214,12/14/2021,2021,4,December,Dec,12
20211215,12/15/2021,2021,4,December,Dec,12
20211216,12/16/2021,2021,4,December,Dec,12
20211217,12/17/2021,2021,4,December,Dec,12
20211218,12/18/2021,2021,4,December,Dec,12
20211219,12/19/2021,2021,4,December,Dec,12
20211220,12/20/2021,2021,4,December,Dec,12
20211221,12/21/2021,2021,4,December,Dec,12
20211222,12/22/2021,2021,4,December,Dec,12
20211223,12/23/2021,2021,4,December,Dec,12
20211224,12/24/2021,2021,4,December,Dec,12
20211225,12/25/2021,2021,4,December,Dec,12
20211226,12/26/2021,2021,4,December,Dec,12
20211227,12/27/2021,2021,4,December,Dec,12
20211228,12/28/2021,2021,4,December,Dec,12
20211229,12/29/2021,2021,4,December,Dec,12
20211230,12/30/2021,2021,4,December,Dec,12
20211231,12/31/2021,2021,4,December,Dec,12
20220101,1/1/2022,2022,1,January,Jan,1
20220102,1/2/2022,2022,1,January,Jan,1
20220103,1/3/2022,2022,1,January,Jan,1
20220104,1/4/2022,2022,1,January,Jan,1
20220105,1/5/2022,2022,1,January,Jan,1
20220106,1/6/2022,2022,1,January,Jan,1
20220107,1/7/2022,2022,1,January,Jan,1
20220108,1/8/2022,2022,1,January,Jan,1
20220109,1/9/2022,2022,1,January,Jan,1
20220110,1/10/2022,2022,1,January,Jan,1
20220111,1/11/2022,2022,1,January,Jan,1
20220112,1/12/2022,2022,1,January,Jan,1
20220113,1/13/2022,2022,1,January,Jan,1
20220114,1/14/2022,2022,1,January,Jan,1
20220115,1/15/2022,2022,1,January,Jan,1
20220116,1/16/2022,2022,1,January,Jan,1
20220117,1/17/2022,2022,1,January,Jan,1
20220118,1/18/2022,2022,1,January,Jan,1
20220119,1/19/2022,2022,1,January,Jan,1
20220120,1/20/2022,2022,1,January,Jan,1
20220121,1/21/2022,2022,1,January,Jan,1
20220122,1/22/2022,2022,1,January,Jan,1
20220123,1/23/2022,2022,1,January,Jan,1
20220124,1/24/2022,2022,1,January,Jan,1
20220125,1/25/2022,2022,1,January,Jan,1
20220126,1/26/2022,2022,1,January,Jan,1
20220127,1/27/2022,2022,1,January,Jan,1
20220128,1/28/2022,2022,1,January,Jan,1
20220129,1/29/2022,2022,1,January,Jan,1
20220130,1/30/2022,2022,1,January,Jan,1
20220131,1/31/2022,2022,1,January,Jan,1
20220201,2/1/2022,2022,1,February,Feb,2
20220202,2/2/2022,2022,1,February,Feb,2
20220203,2/3/2022,2022,1,February,Feb,2
20220204,2/4/2022,2022,1,February,Feb,2
20220205,2/5/2022,2022,1,February,Feb,2
20220206,2/6/2022,2022,1,February,Feb,2
20220207,2/7/2022,2022,1,February,Feb,2
20220208,2/8/2022,2022,1,February,Feb,2
20220209,2/9/2022,2022,1,February,Feb,2
20220210,2/10/2022,2022,1,February,Feb,2
20220211,2/11/2022,2022,1,February,Feb,2
20220212,2/12/2022,2022,1,February,Feb,2
20220213,2/13/2022,2022,1,February,Feb,2
20220214,2/14/2022,2022,1,February,Feb,2
20220215,2/15/2022,2022,1,February,Feb,2
20220216,2/16/2022,2022,1,February,Feb,2
20220217,2/17/2022,2022,1,February,Feb,2
20220218,2/18/2022,2022,1,February,Feb,2
20220219,2/19/2022,2022,1,February,Feb,2
20220220,2/20/2022,2022,1,February,Feb,2
20220221,2/21/2022,2022,1,February,Feb,2
20220222,2/22/2022,2022,1,February,Feb,2
20220223,2/23/2022,2022,1,February,Feb,2
20220224,2/24/2022,2022,1,February,Feb,2
20220225,2/25/2022,2022,1,February,Feb,2
20220226,2/26/2022,2022,1,February,Feb,2
20220227,2/27/2022,2022,1,February,Feb,2
20220228,2/28/2022,2022,1,February,Feb,2
20220301,3/1/2022,2022,1,March,Mar,3
20220302,3/2/2022,2022,1,March,Mar,3
20220303,3/3/2022,2022,1,March,Mar,3
20220304,3/4/2022,2022,1,March,Mar,3
20220305,3/5/2022,2022,1,March,Mar,3
20220306,3/6/2022,2022,1,March,Mar,3
20220307,3/7/2022,2022,1,March,Mar,3
20220308,3/8/2022,2022,1,March,Mar,3
20220309,3/9/2022,2022,1,March,Mar,3
20220310,3/10/2022,2022,1,March,Mar,3
20220311,3/11/2022,2022,1,March,Mar,3
20220312,3/12/2022,2022,1,March,Mar,3
20220313,3/13/2022,2022,1,March,Mar,3
20220314,3/14/2022,2022,1,March,Mar,3
20220315,3/15/2022,2022,1,March,Mar,3
20220316,3/16/2022,2022,1,March,Mar,3
20220317,3/17/2022,2022,1,March,Mar,3
20220318,3/18/2022,2022,1,March,Mar,3
20220319,3/19/2022,2022,1,March,Mar,3
20220320,3/20/2022,2022,1,March,Mar,3
20220321,3/21/2022,2022,1,March,Mar,3
20220322,3/22/2022,2022,1,March,Mar,3
20220323,3/23/2022,2022,1,March,Mar,3
20220324,3/24/2022,2022,1,March,Mar,3
20220325,3/25/2022,2022,1,March,Mar,3
20220326,3/26/2022,2022,1,March,Mar,3
20220327,3/27/2022,2022,1,March,Mar,3
20220328,3/28/2022,2022,1,March,Mar,3
20220329,3/29/2022,2022,1,March,Mar,3
20220330,3/30/2022,2022,1,March,Mar,3
20220331,3/31/2022,2022,1,March,Mar,3
20220401,4/1/2022,2022,2,April,Apr,4
20220402,4/2/2022,2022,2,April,Apr,4
20220403,4/3/2022,2022,2,April,Apr,4
20220404,4/4/2022,2022,2,April,Apr,4
20220405,4/5/2022,2022,2,April,Apr,4
20220406,4/6/2022,2022,2,April,Apr,4
20220407,4/7/2022,2022,2,April,Apr,4
20220408,4/8/2022,2022,2,April,Apr,4
20220409,4/9/2022,2022,2,April,Apr,4
20220410,4/10/2022,2022,2,April,Apr,4
20220411,4/11/2022,2022,2,April,Apr,4
20220412,4/12/2022,2022,2,April,Apr,4
20220413,4/13/2022,2022,2,April,Apr,4
20220414,4/14/2022,2022,2,April,Apr,4
20220415,4/15/2022,2022,2,April,Apr,4
20220416,4/16/2022,2022,2,April,Apr,4
20220417,4/17/2022,2022,2,April,Apr,4
20220418,4/18/2022,2022,2,April,Apr,4
20220419,4/19/2022,2022,2,April,Apr,4
20220420,4/20/2022,2022,2,April,Apr,4
20220421,4/21/2022,2022,2,April,Apr,4
20220422,4/22/2022,2022,2,April,Apr,4
20220423,4/23/2022,2022,2,April,Apr,4
20220424,4/24/2022,2022,2,April,Apr,4
20220425,4/25/2022,2022,2,April,Apr,4
20220426,4/26/2022,2022,2,April,Apr,4
20220427,4/27/2022,2022,2,April,Apr,4
20220428,4/28/2022,2022,2,April,Apr,4
20220429,4/29/2022,2022,2,April,Apr,4
20220430,4/30/2022,2022,2,April,Apr,4
20220501,5/1/2022,2022,2,May,May,5
20220502,5/2/2022,2022,2,May,May,5
20220503,5/3/2022,2022,2,May,May,5
20220504,5/4/2022,2022,2,May,May,5
20220505,5/5/2022,2022,2,May,May,5
20220506,5/6/2022,2022,2,May,May,5
20220507,5/7/2022,2022,2,May,May,5
20220508,5/8/2022,2022,2,May,May,5
20220509,5/9/2022,2022,2,May,May,5
20220510,5/10/2022,2022,2,May,May,5
20220511,5/11/2022,2022,2,May,May,5
20220512,5/12/2022,2022,2,May,May,5
20220513,5/13/2022,2022,2,May,May,5
20220514,5/14/2022,2022,2,May,May,5
20220515,5/15/2022,2022,2,May,May,5
20220516,5/16/2022,2022,2,May,May,5
20220517,5/17/2022,2022,2,May,May,5
20220518,5/18/2022,2022,2,May,May,5
20220519,5/19/2022,2022,2,May,May,5
20220520,5/20/2022,2022,2,May,May,5
20220521,5/21/2022,2022,2,May,May,5
20220522,5/22/2022,2022,2,May,May,5
20220523,5/23/2022,2022,2,May,May,5
20220524,5/24/2022,2022,2,May,May,5
20220525,5/25/2022,2022,2,May,May,5
20220526,5/26/2022,2022,2,May,May,5
20220527,5/27/2022,2022,2,May,May,5
20220528,5/28/2022,2022,2,May,May,5
20220529,5/29/2022,2022,2,May,May,5
20220530,5/30/2022,2022,2,May,May,5
20220531,5/31/2022,2022,2,May,May,5
20220601,6/1/2022,2022,2,June,Jun,6
20220602,6/2/2022,2022,2,June,Jun,6
20220603,6/3/2022,2022,2,June,Jun,6
20220604,6/4/2022,2022,2,June,Jun,6
20220605,6/5/2022,2022,2,June,Jun,6
20220606,6/6/2022,2022,2,June,Jun,6
20220607,6/7/2022,2022,2,June,Jun,6
20220608,6/8/2022,2022,2,June,Jun,6
20220609,6/9/2022,2022,2,June,Jun,6
20220610,6/10/2022,2022,2,June,Jun,6
20220611,6/11/2022,2022,2,June,Jun,6
20220612,6/12/2022,2022,2,June,Jun,6
20220613,6/13/2022,2022,2,June,Jun,6
20220614,6/14/2022,2022,2,June,Jun,6
20220615,6/15/2022,2022,2,June,Jun,6
20220616,6/16/2022,2022,2,June,Jun,6
20220617,6/17/2022,2022,2,June,Jun,6
20220618,6/18/2022,2022,2,June,Jun,6
20220619,6/19/2022,2022,2,June,Jun,6
20220620,6/20/2022,2022,2,June,Jun,6
20220621,6/21/2022,2022,2,June,Jun,6
20220622,6/22/2022,2022,2,June,Jun,6
20220623,6/23/2022,2022,2,June,Jun,6
20220624,6/24/2022,2022,2,June,Jun,6
20220625,6/25/2022,2022,2,June,Jun,6
20220626,6/26/2022,2022,2,June,Jun,6
20220627,6/27/2022,2022,2,June,Jun,6
20220628,6/28/2022,2022,2,June,Jun,6
20220629,6/29/2022,2022,2,June,Jun,6
20220630,6/30/2022,2022,2,June,Jun,6
20220701,7/1/2022,2022,3,July,Jul,7
20220702,7/2/2022,2022,3,July,Jul,7
20220703,7/3/2022,2022,3,July,Jul,7
20220704,7/4/2022,2022,3,July,Jul,7
20220705,7/5/2022,2022,3,July,Jul,7
20220706,7/6/2022,2022,3,July,Jul,7
20220707,7/7/2022,2022,3,July,Jul,7
20220708,7/8/2022,2022,3,July,Jul,7
20220709,7/9/2022,2022,3,July,Jul,7
20220710,7/10/2022,2022,3,July,Jul,7
20220711,7/11/2022,2022,3,July,Jul,7
20220712,7/12/2022,2022,3,July,Jul,7
20220713,7/13/2022,2022,3,July,Jul,7
20220714,7/14/2022,2022,3,July,Jul,7
20220715,7/15/2022,2022,3,July,Jul,7
20220716,7/16/2022,2022,3,July,Jul,7
20220717,7/17/2022,2022,3,July,Jul,7
20220718,7/18/2022,2022,3,July,Jul,7
20220719,7/19/2022,2022,3,July,Jul,7
20220720,7/20/2022,2022,3,July,Jul,7
20220721,7/21/2022,2022,3,July,Jul,7
20220722,7/22/2022,2022,3,July,Jul,7
20220723,7/23/2022,2022,3,July,Jul,7
20220724,7/24/2022,2022,3,July,Jul,7
20220725,7/25/2022,2022,3,July,Jul,7
20220726,7/26/2022,2022,3,July,Jul,7
20220727,7/27/2022,2022,3,July,Jul,7
20220728,7/28/2022,2022,3,July,Jul,7
20220729,7/29/2022,2022,3,July,Jul,7
20220730,7/30/2022,2022,3,July,Jul,7
20220731,7/31/2022,2022,3,July,Jul,7
20220801,8/1/2022,2022,3,August,Aug,8
20220802,8/2/2022,2022,3,August,Aug,8
20220803,8/3/2022,2022,3,August,Aug,8
20220804,8/4/2022,2022,3,August,Aug,8
20220805,8/5/2022,2022,3,August,Aug,8
20220806,8/6/2022,2022,3,August,Aug,8
20220807,8/7/2022,2022,3,August,Aug,8
20220808,8/8/2022,2022,3,August,Aug,8
20220809,8/9/2022,2022,3,August,Aug,8
20220810,8/10/2022,2022,3,August,Aug,8
20220811,8/11/2022,2022,3,August,Aug,8
20220812,8/12/2022,2022,3,August,Aug,8
20220813,8/13/2022,2022,3,August,Aug,8
20220814,8/14/2022,2022,3,August,Aug,8
20220815,8/15/2022,2022,3,August,Aug,8
20220816,8/16/2022,2022,3,August,Aug,8
20220817,8/17/2022,2022,3,August,Aug,8
20220818,8/18/2022,2022,3,August,Aug,8
20220819,8/19/2022,2022,3,August,Aug,8
20220820,8/20/2022,2022,3,August,Aug,8
20220821,8/21/2022,2022,3,August,Aug,8
20220822,8/22/2022,2022,3,August,Aug,8
20220823,8/23/2022,2022,3,August,Aug,8
20220824,8/24/2022,2022,3,August,Aug,8
20220825,8/25/2022,2022,3,August,Aug,8
20220826,8/26/2022,2022,3,August,Aug,8
20220827,8/27/2022,2022,3,August,Aug,8
20220828,8/28/2022,2022,3,August,Aug,8
20220829,8/29/2022,2022,3,August,Aug,8
20220830,8/30/2022,2022,3,August,Aug,8
20220831,8/31/2022,2022,3,August,Aug,8
20220901,9/1/2022,2022,3,September,Sep,9
20220902,9/2/2022,2022,3,September,Sep,9
20220903,9/3/2022,2022,3,September,Sep,9
20220904,9/4/2022,2022,3,September,Sep,9
20220905,9/5/2022,2022,3,September,Sep,9
20220906,9/6/2022,2022,3,September,Sep,9
20220907,9/7/2022,2022,3,September,Sep,9
20220908,9/8/2022,2022,3,September,Sep,9
20220909,9/9/2022,2022,3,September,Sep,9
20220910,9/10/2022,2022,3,September,Sep,9
20220911,9/11/2022,2022,3,September,Sep,9
20220912,9/12/2022,2022,3,September,Sep,9
20220913,9/13/2022,2022,3,September,Sep,9
20220914,9/14/2022,2022,3,September,Sep,9
20220915,9/15/2022,2022,3,September,Sep,9
20220916,9/16/2022,2022,3,September,Sep,9
20220917,9/17/2022,2022,3,September,Sep,9
20220918,9/18/2022,2022,3,September,Sep,9
20220919,9/19/2022,2022,3,September,Sep,9
20220920,9/20/2022,2022,3,September,Sep,9
20220921,9/21/2022,2022,3,September,Sep,9
20220922,9/22/2022,2022,3,September,Sep,9
20220923,9/23/2022,2022,3,September,Sep,9
20220924,9/24/2022,2022,3,September,Sep,9
20220925,9/25/2022,2022,3,September,Sep,9
20220926,9/26/2022,2022,3,September,Sep,9
20220927,9/27/2022,2022,3,September,Sep,9
20220928,9/28/2022,2022,3,September,Sep,9
20220929,9/29/2022,2022,3,September,Sep,9
20220930,9/30/2022,2022,3,September,Sep,9
20221001,10/1/2022,2022,4,October,Oct,10
20221002,10/2/2022,2022,4,October,Oct,10
20221003,10/3/2022,2022,4,October,Oct,10
20221004,10/4/2022,2022,4,October,Oct,10
20221005,10/5/2022,2022,4,October,Oct,10
20221006,10/6/2022,2022,4,October,Oct,10
20221007,10/7/2022,2022,4,October,Oct,10
20221008,10/8/2022,2022,4,October,Oct,10
20221009,10/9/2022,2022,4,October,Oct,10
20221010,10/10/2022,2022,4,October,Oct,10
20221011,10/11/2022,2022,4,October,Oct,10
20221012,10/12/2022,2022,4,October,Oct,10
20221013,10/13/2022,2022,4,October,Oct,10
20221014,10/14/2022,2022,4,October,Oct,10
20221015,10/15/2022,2022,4,October,Oct,10
20221016,10/16/2022,2022,4,October,Oct,10
20221017,10/17/2022,2022,4,October,Oct,10
20221018,10/18/2022,2022,4,October,Oct,10
20221019,10/19/2022,2022,4,October,Oct,10
20221020,10/20/2022,2022,4,October,Oct,10
20221021,10/21/2022,2022,4,October,Oct,10
20221022,10/22/2022,2022,4,October,Oct,10
20221023,10/23/2022,2022,4,October,Oct,10
20221024,10/24/2022,2022,4,October,Oct,10
20221025,10/25/2022,2022,4,October,Oct,10
20221026,10/26/2022,2022,4,October,Oct,10
20221027,10/27/2022,2022,4,October,Oct,10
20221028,10/28/2022,2022,4,October,Oct,10
20221029,10/29/2022,2022,4,October,Oct,10
20221030,10/30/2022,2022,4,October,Oct,10
20221031,10/31/2022,2022,4,October,Oct,10
20221101,11/1/2022,2022,4,November,Nov,11
20221102,11/2/2022,2022,4,November,Nov,11
20221103,11/3/2022,2022,4,November,Nov,11
20221104,11/4/2022,2022,4,November,Nov,11
20221105,11/5/2022,2022,4,November,Nov,11
20221106,11/6/2022,2022,4,November,Nov,11
20221107,11/7/2022,2022,4,November,Nov,11
20221108,11/8/2022,2022,4,November,Nov,11
20221109,11/9/2022,2022,4,November,Nov,11
20221110,11/10/2022,2022,4,November,Nov,11
20221111,11/11/2022,2022,4,November,Nov,11
20221112,11/12/2022,2022,4,November,Nov,11
20221113,11/13/2022,2022,4,November,Nov,11
20221114,11/14/2022,2022,4,November,Nov,11
20221115,11/15/2022,2022,4,November,Nov,11
20221116,11/16/2022,2022,4,November,Nov,11
20221117,11/17/2022,2022,4,November,Nov,11
20221118,11/18/2022,2022,4,November,Nov,11
20221119,11/19/2022,2022,4,November,Nov,11
20221120,11/20/2022,2022,4,November,Nov,11
20221121,11/21/2022,2022,4,November,Nov,11
20221122,11/22/2022,2022,4,November,Nov,11
20221123,11/23/2022,2022,4,November,Nov,11
20221124,11/24/2022,2022,4,November,Nov,11
20221125,11/25/2022,2022,4,November,Nov,11
20221126,11/26/2022,2022,4,November,Nov,11
20221127,11/27/2022,2022,4,November,Nov,11
20221128,11/28/2022,2022,4,November,Nov,11
20221129,11/29/2022,2022,4,November,Nov,11
20221130,11/30/2022,2022,4,November,Nov,11
20221201,12/1/2022,2022,4,December,Dec,12
20221202,12/2/2022,2022,4,December,Dec,12
20221203,12/3/2022,2022,4,December,Dec,12
20221204,12/4/2022,2022,4,December,Dec,12
20221205,12/5/2022,2022,4,December,Dec,12
20221206,12/6/2022,2022,4,December,Dec,12
20221207,12/7/2022,2022,4,December,Dec,12
20221208,12/8/2022,2022,4,December,Dec,12
20221209,12/9/2022,2022,4,December,Dec,12
20221210,12/10/2022,2022,4,December,Dec,12
20221211,12/11/2022,2022,4,December,Dec,12
20221212,12/12/2022,2022,4,December,Dec,12
20221213,12/13/2022,2022,4,December,Dec,12
20221214,12/14/2022,2022,4,December,Dec,12
20221215,12/15/2022,2022,4,December,Dec,12
20221216,12/16/2022,2022,4,December,Dec,12
20221217,12/17/2022,2022,4,December,Dec,12
20221218,12/18/2022,2022,4,December,Dec,12
20221219,12/19/2022,2022,4,December,Dec,12
20221220,12/20/2022,2022,4,December,Dec,12
20221221,12/21/2022,2022,4,December,Dec,12
20221222,12/22/2022,2022,4,December,Dec,12
20221223,12/23/2022,2022,4,December,Dec,12
20221224,12/24/2022,2022,4,December,Dec,12
20221225,12/25/2022,2022,4,December,Dec,12
20221226,12/26/2022,2022,4,December,Dec,12
20221227,12/27/2022,2022,4,December,Dec,12
20221228,12/28/2022,2022,4,December,Dec,12
20221229,12/29/2022,2022,4,December,Dec,12
20221230,12/30/2022,2022,4,December,Dec,12
20221231,12/31/2022,2022,4,December,Dec,12
